year,report_code,report_name,period_order,period_months,revenue,cost_of_sales,gross_profit,operating_income,profit_before_tax,net_income,current_assets,total_assets,cash_and_cash_equivalents,accounts_receivable,inventory,current_liabilities,total_liabilities,total_equity,short_term_borrowings,long_term_borrowings,operating_cash_flow,investing_cash_flow,financing_cash_flow,capex_ppe,capex_intangibles
2021,11013,1분기보고서,1,3,4254116000000,3476817000000,777299000000,341219000000,300615000000,433578000000,9618981000000,20800081000000,2400981000000,668707000000,3176512000000,7166193000000,12582074000000,8218007000000,,,423596000000,351792000000,88451000000,-719360000000,-11823000000
2021,11012,반기보고서,2,6,9385132000000,6888634000000,2496498000000,1065499000000,1138383000000,1063893000000,9757582000000,22177466000000,2044072000000,794454000000,3676592000000,8131838000000,13098995000000,9078471000000,,,458606000000,-165025000000,210403000000,-1518972000000,-21395000000
2021,11014,3분기보고서,3,9,13412546000000,10159353000000,3253193000000,692737000000,675350000000,858057000000,9860210000000,23612306000000,1531311000000,784498000000,4327412000000,8977353000000,14390128000000,9222178000000,,,208385000000,-1251594000000,979902000000,-2416753000000,-32650000000
2021,11011,사업보고서,4,12,17851906000000,13953123000000,3898783000000,768470000000,777184000000,929868000000,9535827000000,23764137000000,1282880000000,814843000000,3895803000000,9474017000000,15021764000000,8742373000000,,,978585000000,-2178121000000,882835000000,-3462890000000,-53517000000
2022,11013,1분기보고서,1,3,4342348000000,3567242000000,775106000000,258854000000,259690000000,226622000000,19663197000000,34975888000000,5161254000000,5981956000000,4813392000000,10383145000000,15536318000000,19439570000000,,,398779000000,-6525414000000,9960205000000,-1509278000000,-13812000000
2022,11012,반기보고서,2,6,9412909000000,7815976000000,1596933000000,454461000000,388441000000,316548000000,19614022000000,36434421000000,1983481000000,7231908000000,6275643000000,11040208000000,16532015000000,19902406000000,,,-550964000000,-9045454000000,10191577000000,-2812690000000,-38991000000
2022,11014,3분기보고서,3,9,17061066000000,14069185000000,2991881000000,976314000000,630036000000,504258000000,21248428000000,39888262000000,2189474000000,5279853000000,7947359000000,12797719000000,18724891000000,21163371000000,,,-1427127000000,-8723543000000,10857724000000,-4427013000000,-58440000000
2022,11011,사업보고서,4,12,25598609000000,21308077000000,4290532000000,1213719000000,995314000000,779826000000,18804269000000,38299445000000,5937967000000,462188000000,6995629000000,11444923000000,17705683000000,20593762000000,,,-579807000000,-6259356000000,11414617000000,-6209926000000,-88232000000
2023,11013,1분기보고서,1,3,8747117000000,7452907000000,1294210000000,633166000000,711189000000,561986000000,18950796000000,40713454000000,4780493000000,705256000000,7474948000000,12346111000000,18665780000000,22047674000000,,,780880000000,-2185552000000,204586000000,-2124410000000,-29847000000
2023,11012,반기보고서,2,6,17520604000000,14892318000000,2628286000000,1093765000000,1357067000000,1027127000000,18645480000000,42394653000000,4860206000000,528142000000,7221389000000,11305316000000,19265936000000,23128717000000,,,1296430000000,-4305565000000,1897186000000,-4224684000000,-51678000000
2023,11014,3분기보고서,3,9,25744146000000,21774291000000,3969855000000,1825014000000,1755915000000,1447658000000,18568865000000,45168509000000,4874686000000,621013000000,6944420000000,11290328000000,20500543000000,24667966000000,,,1772162000000,-6864330000000,3896450000000,-7003988000000,-77353000000
2023,11011,사업보고서,4,12,33745470000000,28802437000000,4943033000000,2163234000000,2043460000000,1637985000000,17208396000000,45437144000000,5068783000000,5128474000000,5396336000000,10937185000000,21063635000000,24373509000000,,7720832000000,4444179000000,-9719327000000,4354690000000,9923051000000,102266000000
2024,11013,1분기보고서,1,3,6128714000000,5204715000000,923999000000,157337000000,222649000000,212052000000,17828801000000,49275358000000,5288382000000,4650709000000,5657920000000,10308490000000,22570519000000,26704839000000,,9571472000000,531069000000,-3464473000000,3007118000000,3437337000000,30733000000
2024,11012,반기보고서,2,6,12290580000000,10673689000000,1616891000000,352656000000,313893000000,188312000000,16505549000000,51501207000000,3870900000000,5096863000000,5551970000000,11290218000000,23869388000000,27631819000000,,9517709000000,1367016000000,-6240849000000,3459984000000,6263517000000,49261000000
2024,11014,3분기보고서,3,9,19168423000000,16294517000000,2873906000000,800915000000,653045000000,749619000000,18137901000000,56627130000000,5385110000000,5360855000000,5365862000000,12375672000000,28129520000000,28497610000000,,12460350000000,1929383000000,-9302591000000,7587574000000,9016485000000,78530000000
2024,11011,사업보고서,4,12,25619585000000,22213605000000,3405980000000,575387000000,348871000000,338602000000,15327395000000,60306791000000,3898711000000,4944019000000,4552355000000,12054922000000,29340248000000,30966543000000,,12900311000000,5111700000000,-12065447000000,5381505000000,12399017000000,121351000000
2025,11013,1분기보고서,1,3,6264995000000,5252739000000,1012256000000,374673000000,364506000000,226573000000,15127910000000,62298978000000,3573556000000,5317254000000,4282070000000,11864962000000,31028433000000,31270545000000,,14466196000000,1162033000000,-3440825000000,1950253000000,3264613000000,34681000000
2025,11012,반기보고서,2,6,11830403000000,9816190000000,2014213000000,866832000000,337480000000,317178000000,16344776000000,62982502000000,5440471000000,4595018000000,4054319000000,13503306000000,34682328000000,28300174000000,,16145567000000,1411996000000,-6157758000000,6397297000000,6130461000000,69343000000
2025,11014,3분기보고서,3,9,17530276000000,14069070000000,3461206000000,1468141000000,890235000000,853274000000,17149484000000,67010378000000,5323792000000,4848737000000,4883207000000,16216170000000,37273154000000,29737224000000,,15767694000000,2679306000000,-8620476000000,7396678000000,8514763000000,111827000000
2025,11011,사업보고서,4,12,23671759000000,19439651000000,4232108000000,1346120000000,414124000000,80803000000,18412127000000,67147953000000,3779307000000,4311178000000,4350407000000,16785357000000,37826277000000,29321676000000,,15825890000000,4432277000000,-10881277000000,6285926000000,10833917000000,164758000000
2026,11013,1분기보고서,1,3,6554967000000,5313596000000,1241371000000,-207755000000,-858602000000,-944034000000,20534018000000,71805610000000,3744861000000,5156728000000,5353720000000,19815020000000,41889306000000,29916304000000,,16154080000000,-316283000000,-1019870000000,1189273000000,1676728000000,56325000000
2026,11012,반기보고서,2,6,14115216000000,11328571000000,2786645000000,-94453000000,-986450000000,-1272678000000,22926623000000,77877681000000,7170338000000,5975320000000,6445283000000,18805320000000,47591037000000,30286644000000,,22258729000000,-290876000000,767783000000,2657242000000,3271729000000,107846000000
