year,report_code,report_name,period_order,period_months,revenue_growth_pct,gross_margin_pct,operating_margin_pct,net_margin_pct,current_ratio_pct,quick_ratio_pct,debt_ratio_pct,debt_to_equity_pct,equity_ratio_pct,borrowings,net_debt,roa_pct,roe_pct,asset_turnover_x,inventory_turnover_x,dso_days,cfo_margin_pct,cfo_conversion_pct,capex,free_cash_flow,fcf_margin_pct
2021,11013,1분기보고서,1,3,,18.271692638376575,8.020914333318602,10.19196467609252,134.22721101706304,42.83568695400752,60.490504820630264,153.10371480579172,39.509495179369736,,,,,,,,9.957321333033702,97.69776141778411,731183000000.0,-307587000000.0,-7.230338805994006
2021,11012,반기보고서,2,6,,26.60056352963389,11.353052892596503,11.335940719853488,119.99233137699005,34.906327450202525,59.064435044111896,144.28635614962036,40.93556495588811,,,,,,,,4.886516247187573,43.10640261755647,1540367000000.0,-1081761000000.0,-11.526326960558468
2021,11014,3분기보고서,3,9,,24.25485064506023,5.164843423463375,6.397420743235475,109.83426851990781,25.796122754669444,60.9433403073804,156.03828076187642,39.056659692619604,,,,,,,,1.5536572996655518,24.28568265278414,2449403000000.0,-2241018000000.0,-16.70837140092567
2021,11011,사업보고서,4,12,,21.839589565394306,4.304694411902012,5.208788350106706,100.65241597096563,22.141853872544242,63.211906243428906,171.8270771562824,36.78809375657109,,,,,,,,5.481683580453538,105.23913071532733,3516407000000.0,-2537822000000.0,-14.215972232880903
2022,11013,1분기보고서,1,3,2.074038413621067,17.849928195529237,5.961152814099653,5.2188815820381045,189.3761187000663,107.32018092784025,44.42008162880668,79.92109907780882,55.579918371193315,,,3.2504607853608065,6.5550789210493745,0.6228270816774156,3.571749547929487,69.87843889411904,9.183487827322914,175.96658753342572,1523090000000.0,-1124311000000.0,-25.891775601586975
2022,11012,반기보고서,2,6,0.2959681334263599,16.965350456484813,4.828061123293553,3.362913632756887,177.6598955382,83.47115380434862,45.37471584905933,83.06540927765215,54.625284150940665,,,2.1602989850847147,4.369060328988664,0.6423890771508517,3.1413952745287865,77.8086277579014,-5.853280850797559,-174.0538559712903,2851681000000.0,-3402645000000.0,-36.1487081198809
2022,11014,3분기보고서,3,9,27.202292540133694,17.53630752029211,5.722467752015026,2.9556066426329983,166.0329313372172,58.36451792698371,46.943361432995005,88.47782803599672,53.056638567004995,,,2.1175999559562992,4.425419465022666,0.7164688038695969,3.0564991124206444,48.65217936118411,-8.3648172980516,-283.0152421974466,4485453000000.0,-5912580000000.0,-34.65539609306945
2022,11011,사업보고서,4,12,43.39426277507847,16.760801338853998,4.741347469309758,3.0463608393721704,164.3022762145276,55.92134608507195,46.22960724365588,85.97595232964235,53.77039275634412,,,2.5129906295128115,5.316487669558379,0.8249156163754776,3.912814586732029,9.104328969593622,-2.264994164331351,-74.35081672065307,6298158000000.0,-6877965000000.0,-26.86851070696849
2023,11013,1분기보고서,1,3,101.43749418517356,14.795846448607008,7.2385678618452225,6.424814027296079,153.49607661878304,44.43301214447205,45.84671199844651,84.6609941710858,54.15328800155349,,,5.939922162356756,10.836796004092246,0.9245282644946233,4.852018742970979,34.88052663523307,8.927284269777116,138.9500806069902,2154257000000.0,-1373377000000.0,-15.700910368524854
2023,11012,반기보고서,2,6,86.13378712149454,15.001115258355249,6.242735695641543,5.8623949265676005,164.92665928135045,47.66207331135193,45.44425920882051,83.29876663716365,54.555740791179495,,,5.211919652893551,9.547759188157837,0.8890427407532404,4.413508984790138,40.415533762420516,7.399459516350007,126.21905567665925,4276362000000.0,-2979932000000.0,-17.008157937934104
2023,11014,3분기보고서,3,9,50.89412349732426,15.420418296260438,7.089044631738804,5.623251204370889,164.4670110558347,48.67616777829661,45.38680477586718,83.10593179834932,54.61319522413282,,,4.5386408253533785,8.423104334340788,0.807120411377949,3.8991161499240623,31.373386157381177,6.883747474085953,122.41579157508195,7081341000000.0,-5309179000000.0,-20.622859270608547
2023,11011,사업보고서,4,12,31.825405044469406,14.647989789444333,6.410442646079607,4.853940395555314,157.3384376327181,93.23474916077583,46.35774422793827,86.42019907761332,53.64225577206173,7720832000000.0,2652049000000.0,3.9122324411852984,7.2852319634874,0.805991034576295,4.648566550986869,30.235045326083767,13.169705444908605,271.3198838817205,10025317000000.0,-5581138000000.0,-16.538925076462117
2024,11013,1분기보고서,1,3,-29.934468694085147,15.07655602790406,2.56721067421322,3.4599754532516935,172.9525953849691,96.4165556740124,45.80488080878073,84.51846124217413,54.19511919121926,9571472000000.0,4283090000000.0,1.8851410106403004,3.479648320897838,0.5448423077304321,3.1704971069533325,39.872296720812884,8.665259955024823,250.4428159130779,3468070000000.0,-2937001000000.0,-47.921978411784266
2024,11012,반기보고서,2,6,-29.850706060133543,13.155530495712977,2.8693194300024896,1.5321652843071685,146.19335959677662,79.42949374405347,46.347239978278566,86.38370134083463,53.652760021721434,9517709000000.0,5646809000000.0,0.8022164129494102,1.4839244408293877,0.5235834678973067,3.3424846197464584,41.76220375686095,11.122469403396748,725.9314329410765,6312778000000.0,-4945762000000.0,-40.24026530887883
2024,11014,3분기보고서,3,9,-25.542595198147183,14.992918301103852,4.178304078535829,3.9106972962773203,146.56093826662504,86.83136560180328,49.67498794305839,98.70834782285252,50.32501205694161,12460350000000.0,7075240000000.0,1.9637226305932418,3.759921645539964,0.5021413016196761,3.5297359827608603,42.71442582939661,10.065423744039872,257.38181662951445,9095015000000.0,-7165632000000.0,-37.38248055147781
2024,11011,사업보고서,4,12,-24.07992835779143,13.294438610149228,2.2458872772529297,1.3216529463689595,127.14636394992851,73.35368905746549,48.65164853490546,94.74821906985225,51.34835146509453,12900311000000.0,9001600000000.0,0.6404187625512517,1.22371406517652,0.48455894893640944,4.465633720054226,71.75096600901225,19.952313825536205,1509.6484958742121,12520368000000.0,-7408668000000.0,-28.9179859861118
2025,11013,1분기보고서,1,3,2.223647571089139,16.157331330671454,5.98041977687133,3.6164913140393566,127.50070333137182,74.933320477554,49.8056854158988,99.22575062251073,50.19431458410121,14466196000000.0,10892640000000.0,1.6245528003859238,3.126471745318668,0.44920688571249934,4.22756079231468,72.5919672521686,18.54802757224866,512.8735551014463,3299294000000.0,-2137261000000.0,-34.11432890209809
2025,11012,반기보고서,2,6,-3.7441438890597514,17.025734457228552,7.327155296400301,2.6810413812614837,121.04277278467954,74.31875571804416,55.066608817795135,122.55164226198751,44.933391182204865,16145567000000.0,10705096000000.0,1.108203089402004,2.268311805016496,0.4133479987095806,4.087401492917817,74.75519990739116,11.935316151106603,445.17463380184,6199804000000.0,-4787808000000.0,-40.470371127678405
2025,11014,3분기보고서,3,9,-8.546070795703956,19.744161472414923,8.374888107865502,4.867430495675025,105.75545273637363,62.730774282706705,55.62295738728709,125.3417400359899,44.37704261271291,15767694000000.0,10443902000000.0,1.8403778676397562,3.9072788175773505,0.3781004925031865,3.660578341310806,79.71568188658296,15.283878017664982,314.0030048964342,8626590000000.0,-5947284000000.0,-33.92578645082371
2025,11011,사업보고서,4,12,-7.602878813220433,17.8782996227699,5.686607404206844,0.3413476793169447,109.69160203146112,48.19965997744343,56.33273288316026,129.0044846004028,43.66726711683974,15825890000000.0,12046583000000.0,0.1267948096149328,0.2680556876294521,0.3714535568797659,4.367105624074866,71.35394765129199,18.723902182343103,5485.287674962563,10998675000000.0,-6566398000000.0,-27.73937500800004
2026,11013,1분기보고서,1,3,4.628447428928515,18.937868031982465,-3.1694286180235536,-14.401811633834313,103.62855046323445,44.92344191426504,58.337093717329324,140.0216617667744,41.66290628267067,16154080000000.0,12409219000000.0,-5.631628352640702,-12.342966051414088,0.39103610683327256,4.411549857354716,72.90279703162503,-4.825089127069595,33.50334839635013,1733053000000.0,-2049336000000.0,-31.2638644862743
2026,11012,반기보고서,2,6,19.313061440087882,19.742135012315785,-0.6691573122224981,-9.016355116351034,121.91562281311886,69.90393144067743,61.10998220401556,157.13539274935843,38.89001779598445,22258729000000.0,15088391000000.0,-3.614017738426479,-8.689176462869174,0.40082912571539114,4.315809684976631,68.33358713745507,-2.0607265237740604,22.85542768870052,3379575000000.0,-3670451000000.0,-26.00350572035171
